TimeStep,Time_s,TotalProbability,MeanPosition_nm,KineticEnergy_eV,PotentialEnergy_eV,TotalEnergy_eV,Reflection,Transmission,InteractionProbability,CentralWellProbability
0,0,1,0.996,59.3689182395836,-2.82841261250234e-11,59.3689182395553,0.999999999999943,8.41549140678774e-40,4.3270054622877e-14,NaN
100,2.76415767589051e-18,1.00000024722366,1.00851308980767,59.3689356876966,-1.01439257375732e-10,59.3689356875952,1.00000024722349,7.99677217518763e-40,1.63404763323329e-13,NaN
200,5.52831535178101e-18,1.00000090181854,1.0210265790223,59.3689814362929,-2.12236891642979e-10,59.3689814360806,1.00000090181817,3.19684042862642e-39,3.46629313909462e-13,NaN
300,8.29247302767152e-18,1.0000017375897,1.03354023830962,59.3690385264949,-4.34360379019419e-10,59.3690385260606,1.00000173758894,1.30898052397968e-38,7.04935106518218e-13,NaN
400,1.1056630703562e-17,1.00000247844024,1.04605379227178,59.3690867614666,-9.40808080794348e-10,59.3690867605258,1.00000247843859,5.78135265341863e-38,1.52991776106016e-12,NaN
500,1.38207883794525e-17,1.00000290214589,1.05856702270584,59.3691107776501,-2.02233207737668e-09,59.3691107756277,1.00000290214234,2.63455439995266e-37,3.28427183960692e-12,NaN
600,1.6584946055343e-17,1.00000291491821,1.07107984145857,59.3691054639477,-4.43429185505466e-09,59.3691054595134,1.00000291491041,1.20471419341848e-36,7.20269591225087e-12,NaN
700,1.93491037312335e-17,1.00000256932227,1.08359230623256,59.3690766548691,-9.65739260713737e-09,59.3690766452117,1.00000256930537,4.77749357213596e-26,1.568963015943e-11,NaN
800,2.21132614071241e-17,1.00000202528404,1.09610457994502,59.3690373916428,-2.09909076950626e-08,59.3690373706519,1.00000202524723,1.58146789084011e-18,3.41056853372606e-11,NaN
900,2.48774190830146e-17,1.00000147781178,1.10861685782142,59.369001963151,-4.52954484480512e-08,59.3690019178555,1.0000014777323,3.81107352590277e-17,7.36263591157031e-11,NaN
1000,2.76415767589051e-17,1.00000108498988,1.12112929584209,59.3689805556411,-9.68828735498215e-08,59.3689804587582,1.00000108482053,9.96194523525414e-17,1.57521876341793e-10,NaN
1100,3.04057344347956e-17,1.00000092352376,1.13364196744608,59.3689765612542,-2.05356700688247e-07,59.3689763558975,1.00000092316451,2.20533100123572e-16,3.34028747687438e-10,NaN
1200,3.31698921106861e-17,1.00000098249825,1.14615485857887,59.3689870055253,-4.30605094769716e-07,59.3689865749202,1.00000098174464,4.63122938192986e-16,7.0067273140868e-10,NaN
1300,3.59340497865766e-17,1.00000118863483,1.15866789388204,59.3690052142013,-8.93259851294733e-07,59.3690043209414,1.00000118707591,9.74359709356442e-16,1.45408765627235e-09,NaN
1400,3.86982074624671e-17,1.0000014459088,1.17118097666276,59.3690242117581,-1.83134980457681e-06,59.3690223804083,1.00000144271337,2.13117069535528e-15,2.98237016196245e-09,NaN
1500,4.14623651383576e-17,1.00000167153495,1.1836940246716,59.3690392741529,-3.70976607867747e-06,59.3690355643868,1.00000166506123,5.00468027512132e-15,6.04385777409536e-09,NaN
1600,4.42265228142481e-17,1.00000181690995,1.19620699052096,59.3690490941764,-7.42109416090234e-06,59.3690416730822,1.00000180398319,1.29467319574094e-14,1.20953439181907e-08,NaN
1700,4.69906804901386e-17,1.0000018711383,1.20871986470437,59.3690560779634,-1.46543456477794e-05,59.3690414236178,1.00000184563447,3.64808433176207e-14,2.38946059622368e-08,NaN
1800,4.97548381660291e-17,1.00000185158956,1.22123266579042,59.3690657125671,-2.8555023228827e-05,59.3690371575439,1.00000180191168,1.06526015602247e-13,4.65807206197739e-08,NaN
1900,5.25189958419196e-17,1.00000178909801,1.23374542551758,59.3690860708515,-5.48847289882797e-05,59.3690311861226,1.00000169373424,3.03246677952595e-13,8.95717386070482e-08,NaN
2000,5.52831535178101e-17,1.0000017148134,1.24625817598431,59.3691297363529,-0.000104026179798318,59.3690257101731,1.00000153426939,8.02009484939076e-13,1.69850344533691e-07,NaN
2100,5.80473111937006e-17,1.0000016519294,1.258770941805,59.3692167135542,-0.000194365705968234,59.3690223478482,1.00000131485954,1.9344731377704e-12,3.17508342700462e-07,NaN
2200,6.08114688695911e-17,1.00000161258062,1.27128373720324,59.3693787234729,-0.00035791203870003,59.3690208114342,1.00000099255375,4.34060470819559e-12,5.84965037767614e-07,NaN
2300,6.35756265454816e-17,1.00000159889605,1.28379656723175,59.3696703231662,-0.000649403282674322,59.3690209198835,1.00000047514973,9.53414296078115e-12,1.06191496408689e-06,NaN
2400,6.63397842213721e-17,1.0000016046242,1.296309428851,59.3701842373474,-0.00116080607131198,59.369023431276,0.999999597807296,2.12957278086304e-11,1.89913929012054e-06,NaN
2500,6.91039418972627e-17,1.0000016149247,1.30882230934188,59.3710703954643,-0.00204386629744498,59.3690265291669,0.999998084907815,4.77849385499822e-11,3.34556209739144e-06,NaN
2600,7.18680995731532e-17,1.00000160705994,1.32133518750435,59.3725723258367,-0.00354445376710784,59.3690278720695,0.999995491474238,1.04984636122437e-10,5.80472203349914e-06,NaN
2700,7.46322572490437e-17,1.00000155471087,1.33384804346947,59.3750805075963,-0.0060536672851695,59.3690268403111,0.999991119663649,2.26483875526049e-10,9.91887251538755e-06,NaN
2800,7.73964149249342e-17,1.0000014401537,1.34636088526469,59.3792010316418,-0.0101820843984214,59.3690189472434,0.999983905636877,4.85323825692525e-10,1.66912818906443e-05,NaN
2900,8.01605726008247e-17,1.00000128142499,1.3588738039925,59.3858652754769,-0.0168650801197947,59.3690001953571,0.999972267090136,1.02858865939426e-09,2.76599130348874e-05,NaN
3000,8.29247302767152e-17,1.00000116621769,1.37138704411338,59.3964850824696,-0.0275083499453152,59.3689767325243,0.999953888735826,2.14561866844565e-09,4.51376318819717e-05,NaN
3100,8.56888879526057e-17,1.00000126318667,1.38390103935271,59.4131453802627,-0.0441840149007661,59.3689613653619,0.999925402402006,4.41919592296586e-09,7.25361944951834e-05,NaN
3200,8.84530456284962e-17,1.00000177350387,1.39641634941095,59.4388629636919,-0.0698878367243837,59.3689751269675,0.999881902019942,8.98615291015232e-09,0.000114791441696086,NaN
3300,9.12172033043867e-17,1.0000027880284,1.40893343967308,59.4779142559914,-0.108867798509523,59.3690464574819,0.999816242077004,1.80015097603064e-08,0.000178906670932979,NaN
3400,9.39813609802772e-17,1.00000406375343,1.42145233264711,59.5362124884574,-0.16703172520828,59.3691807632491,0.999718125755435,3.55477983955916e-08,0.000274626964685139,NaN
3500,9.67455186561677e-17,1.0000048408311,1.43397234505848,59.6217701160928,-0.252437765169382,59.3693323509234,0.999573093526241,6.91752617377416e-08,0.000415251194417383,NaN
3600,9.95096763320582e-17,1.00000390803034,1.44649227621803,59.7452628850108,-0.375863942210119,59.3693989428007,0.999361627655844,1.32532297777894e-07,0.000618576302174134,NaN
3700,1.02273834007949e-16,1.00000010880525,1.45901138469337,59.9206800629955,-0.551442703117499,59.369237359878,0.999058594938829,2.50001613891024e-07,0.000907951671198703,NaN
3800,1.05037991683839e-16,0.99999329073346,1.47153115185717,60.1660759581713,-0.797334313696278,59.368741644475,0.998633068523094,4.64155276244138e-07,0.00131340156362346,NaN
3900,1.0780214935973e-16,0.999985316459532,1.48405715870135,60.5043655465259,-1.136399002287,59.3679665442389,0.998048209578254,8.47946301338154e-07,0.00187274903287664,NaN
4000,1.1056630703562e-16,0.999980379077848,1.49659975221891,60.964022115707,-1.59681715881002,59.367204956897,0.997260536173652,1.52438972149041e-06,0.00263265592210998,NaN
4100,1.13330464711511e-16,0.999983845747157,1.50917214935799,61.5795523613332,-2.21259779369247,59.3669545676407,0.996217892668602,2.69663600220767e-06,0.00364947702199213,NaN
4200,1.16094622387401e-16,0.999999428318214,1.52178564242005,62.3916245451484,-3.02390781778848,59.3677167273599,0.994856026530876,4.69447239033138e-06,0.00498981364109308,NaN
4300,1.18858780063292e-16,1.00002559914482,1.5344435279477,63.4467964456355,-4.07714838233538,59.3696480633001,0.993094819676705,8.04322568471859e-06,0.00673064393378858,NaN
4400,1.21622937739182e-16,1.00005329179895,1.547137320561,64.7969571840289,-5.42470330759122,59.3722538764377,0.990836336365684,1.35627589872704e-05,0.00895890794145029,NaN
4500,1.24387095415073e-16,1.00006716245737,1.55984919467138,66.4986404235163,-7.1242891119988,59.3743513115175,0.987967076656765,2.25080165812203e-05,0.0117704355058677,NaN
4600,1.27151253090963e-16,1.00005143050883,1.57256236896426,68.6123014080013,-9.23785510722318,59.3744463007781,0.98436553365188,3.67589049192161e-05,0.0152681379124497,NaN
4700,1.29915410766854e-16,0.999998779229807,1.58527670464615,71.2014797373829,-11.8299961798076,59.3714835575753,0.979913560459172,5.90738408812494e-05,0.0195594007350289,NaN
4800,1.32679568442744e-16,0.999918190796671,1.59802227127869,74.3315225724838,-14.9658841120196,59.3656384604642,0.974507370156209,9.34187685650836e-05,0.0247526772150377,NaN
4900,1.35443726118635e-16,0.999836669210681,1.61086209447459,78.0674746802127,-18.7087971928368,59.3586774873759,0.968062955642958,0.000145382613056544,0.0309533969239137,NaN
5000,1.38207883794525e-16,0.999791734134445,1.62387872811408,82.4709143413912,-23.1173657941532,59.3535485472379,0.960512594394382,0.000222697086397322,0.0382593717007717,NaN
5100,1.40972041470416e-16,0.999815953483686,1.63714695284022,87.5958253632382,-28.2426199858735,59.3532053773647,0.951793597779899,0.000335858936817037,0.0467558455746891,NaN
5200,1.43736199146306e-16,0.99991957527007,1.65070319105197,93.4839714907247,-34.1248494708589,59.3591220198658,0.941835378347853,0.00049885470743774,0.0565102100700119,NaN
5300,1.46500356822197e-16,1.00007976005121,1.66452637574803,100.160576632363,-40.7903487212519,59.370227911111,0.930553287313262,0.000729954610912175,0.0675665272922687,NaN
5400,1.49264514498087e-16,1.00024316866815,1.67854190856185,107.631087725797,-48.2482081705272,59.3828795552693,0.917855793950134,0.0010525187462545,0.0799401591098497,NaN
5500,1.52028672173978e-16,1.00034308128544,1.69265068199594,115.879441651479,-56.4873983899725,59.3920432615069,0.903665799940834,0.00149575515843619,0.0936129249234649,NaN
5600,1.54792829849868e-16,1.00032534655056,1.7067733347719,124.867917445861,-65.4746386298139,59.3932788160467,0.887949590246881,0.00209534294626502,0.108529587844407,NaN
5700,1.57556987525759e-16,1.00017270781793,1.72089179816534,134.538344803326,-75.1536561883999,59.3846886149265,0.870741931989151,0.00289389026084619,0.124596648894035,NaN
5800,1.60321145201649e-16,0.999916882069898,1.73506986140362,144.814088152356,-85.4461102996278,59.367977852728,0.852156274815763,0.00394118878573688,0.141683899899973,NaN
5900,1.6308530287754e-16,0.999632346369676,1.74944215595687,155.601921398667,-96.2537899273832,59.3481314712836,0.832374663615913,0.00529425321584575,0.159628053650611,NaN
6000,1.6584946055343e-16,0.999413049068832,1.76417318498422,166.793042905167,-107.461256313462,59.3317865917045,0.811620090121255,0.00701710258058107,0.17823708230503,NaN
6100,1.68613618229321e-16,0.999340042241707,1.77939962253199,178.262753064452,-118.937851168297,59.3249018961548,0.790121331838205,0.00918014613228601,0.197293521168222,NaN
6200,1.71377775905211e-16,0.999451630313373,1.79517568964579,189.868908323337,-130.538332343162,59.3305759801741,0.768083259416987,0.0118590362953134,0.21655551856279,NaN
6300,1.74141933581102e-16,0.999726895705124,1.81144099138233,201.450591966363,-142.102794755809,59.3477972105536,0.745672574581505,0.0151327913911001,0.235756736145981,NaN
6400,1.76906091256992e-16,1.00008891729782,1.82802324488757,212.829234630642,-153.45765744386,59.3715771867823,0.723022268830044,0.0190811733524269,0.254608059753272,NaN
6500,1.79670248932883e-16,1.00042734607273,1.84467712063279,223.814226350231,-164.419772601135,59.3944537490953,0.700250790661934,0.0237814390170639,0.272804509810472,NaN
6600,1.82434406608773e-16,1.00063341527398,1.86114826293101,234.21384463189,-174.80494433778,59.4089002941096,0.67748640892625,0.0293048003844965,0.290039443013004,NaN
6700,1.85198564284664e-16,1.00063598808729,1.87724213341755,243.849893496974,-184.440031482171,59.409862014803,0.654886300658317,0.0357130581302357,0.306024687915601,NaN
6800,1.87962721960554e-16,1.00042637448058,1.89287401555572,252.571993493134,-193.175439242912,59.3965542502217,0.632643139293538,0.043055737312767,0.32051130551759,NaN
6900,1.90726879636445e-16,1.00006293075047,1.90808138688023,260.266790115464,-200.893933649109,59.3728564663547,0.610976894281588,0.051367920024022,0.333304217892228,NaN
7000,1.93491037312335e-16,0.999653131302995,1.92299228877043,266.858865541474,-207.512767063448,59.3460984780261,0.590114930846337,0.0606685736152388,0.344265768172615,NaN
7100,1.96255194988226e-16,0.999318744453263,1.93775939963404,272.30322783629,-212.978618658937,59.3246091773536,0.57026709784914,0.0709591374554174,0.353307354418669,NaN
7200,1.99019352664116e-16,0.999156057934778,1.95248314529656,276.573259873029,-217.258374196791,59.3148856762379,0.551602887309732,0.0822221544342219,0.360374147191329,NaN
7300,2.01783510340007e-16,0.999205166344773,1.96715238077641,279.650108277867,-220.330682613725,59.319425664142,0.534236331552237,0.0944199556057811,0.365431086322962,NaN
7400,2.04547668015897e-16,0.99943906761426,1.98162509968057,281.518791385862,-222.182782900298,59.3360084855633,0.518221442713003,0.107493695297998,0.368457590101176,NaN
7500,2.07311825691788e-16,0.999775876827875,1.99565639061412,282.173391279243,-222.814702950536,59.3586883287072,0.503557586031953,0.121363121961529,0.369454481176926,NaN
7600,2.10075983367678e-16,1.00010878728627,2.00896261309605,281.628906811558,-222.248877322459,59.380029489099,0.49020209934452,0.135927649336017,0.368459890808425,NaN
7700,2.12840141043569e-16,1.00034212071438,2.0212973845441,279.934238526946,-220.540510770333,59.3937277566131,0.478086242140743,0.151068892739095,0.365566412952462,NaN
7800,2.1560429871946e-16,1.00042032767224,2.03251179368189,277.180012731937,-217.783440812327,59.3965719196103,0.467130435825494,0.16665446602609,0.360930814482997,NaN
7900,2.1836845639535e-16,1.00034055992923,2.0425793125013,273.497034839461,-214.107896230818,59.3891386086429,0.457255991680814,0.182542564915434,0.354770339043996,NaN
8000,2.21132614071241e-16,1.00014642260923,2.05158082420843,269.045051680316,-209.669980904904,59.3750707754117,0.448391770398028,0.198586762582807,0.347345266014798,NaN
8100,2.23896771747131e-16,0.999907678364024,2.059660437861,263.995459444368,-204.636027972573,59.3594314717949,0.440475740806227,0.214640521831914,0.33893294294433,NaN
8200,2.26660929423022e-16,0.999695026510414,2.06697185247407,258.513597908667,-199.166750285503,59.3468476231637,0.433452737704805,0.230560954539164,0.329801473712915,NaN
8300,2.29425087098912e-16,0.999559307165995,2.07363520118216,252.745686041199,-193.405522743991,59.3401632972078,0.427270231060321,0.246211962654154,0.320190197737594,NaN
8400,2.32189244774803e-16,0.999521112233621,2.07971674800874,246.813058156572,-187.473092890403,59.3399652661691,0.421874084664508,0.261466928720694,0.310300817783933,NaN
8500,2.34953402450693e-16,0.999571829338705,2.08523295691222,240.813229523467,-181.46827502397,59.3449544994971,0.4172058503589,0.276211186656042,0.300298457701576,NaN
8600,2.37717560126584e-16,0.999682897089732,2.09017131221518,234.825059138492,-175.472238991842,59.3528201466497,0.413202309715439,0.290344390428903,0.29031869605398,NaN
8700,2.40481717802474e-16,0.999818064587938,2.09451619029717,228.914417689518,-169.553256607306,59.3611610822121,0.409797232629712,0.303782906084116,0.280475387553655,NaN
8800,2.43245875478365e-16,0.999943984631401,2.09826956145612,223.13782605106,-163.769689385503,59.3681366655568,0.406924658687237,0.316462007435443,0.27086559660713,NaN
8900,2.46010033154255e-16,1.00003661008968,2.10146128301619,217.54329256638,-158.170587467491,59.3727050988885,0.404522657190074,0.328337488837329,0.261570608685923,NaN
9000,2.48774190830146e-16,1.0000832635903,2.10414923157681,212.169009885544,-152.794458701715,59.3745511838292,0.402536561786881,0.339386581589584,0.252653915956215,NaN
9100,2.51538348506036e-16,1.00008177478266,2.10641296337904,207.041451157093,-147.667584019656,59.3738671374367,0.400920992691247,0.349607924064874,0.24415844722904,NaN
9200,2.54302506181927e-16,1.00003837157559,2.10834520825187,202.174315344453,-142.803165318355,59.3711500260976,0.39964032110862,0.359020482662816,0.236105204391297,NaN
9300,2.57066663857817e-16,0.999965382421482,2.11004396865664,197.56879960588,-138.201711977525,59.3670876283551,0.39866773062768,0.367661592395513,0.228493952719986,NaN
9400,2.59830821533708e-16,0.999878961048931,2.11160588917324,193.214982617975,-133.8524881318,59.3624944861756,0.397983216604438,0.375584295834079,0.221305670173041,NaN
9500,2.62594979209598e-16,0.999796586874994,2.11312028530655,189.093727743251,-129.735481681802,59.358246061449,0.397571040365073,0.382854164960573,0.214505897681904,NaN
9600,2.65359136885489e-16,0.999734192408294,2.11466321675377,185.178500400227,-125.823347016313,59.3551533839141,0.397417168387765,0.389545801656175,0.208048031422211,NaN
9700,2.68123294561379e-16,0.99970324475758,2.11629192266526,181.436924760892,-122.083123150223,59.3538016106685,0.39750706980577,0.395739310988476,0.201876234713456,NaN
9800,2.7088745223727e-16,0.999708515945828,2.11804084329162,177.83242274255,-118.478018533667,59.354404208883,0.397824115721132,0.40151677699183,0.195928472980983,NaN
9900,2.7365160991316e-16,0.99974730406559,2.11992063513537,174.326221051197,-114.969473966013,59.3567470851834,0.39834874005869,0.40695891948154,0.190139971933795,NaN
10000,2.76415767589051e-16,0.999810456005198,2.1219208636103,170.879907780846,-111.519653531898,59.3602542489484,0.399058305672282,0.412142099337542,0.184447364530834,NaN
