Position_nm,Real_Wavefunction,Imaginary_Wavefunction,ProbabilityDensity,PotentialEnergy_eV
0,0,0,0,0
0.004,-0.600325236887327,3.89448233928173,15.5273830810211,0
0.008,-1.21342217545544,7.70582054119039,60.8520635889188,0
0.012,-1.85110815193783,11.3525934043323,132.30797839426,0
0.016,-2.52343017243725,14.7567114823992,224.128233609938,0
0.02,-3.23793155559822,17.8449379821102,328.926012344098,0
0.024,-3.99892019415416,20.5504583738306,438.312702093757,0
0.028,-4.8068313708149,22.8143005257909,543.597936308555,0
0.032,-5.65783282710229,24.5865349194014,636.508771642382,0
0.036,-6.54364238701736,25.8273131196914,709.869358671753,0
0.04,-7.451458763,26.5077923203682,758.187291396461,0
0.044,-8.36401681295862,26.6108828666871,778.095864191994,0
0.048,-9.25991748664241,26.13165020525,768.609214308967,0
0.052,-10.1141966181689,25.077518917495,731.178928288299,0
0.056,-10.8990084759867,23.4682806564008,669.548582727225,0
0.06,-11.5844203643686,21.3358542915185,589.417473527308,0
0.064,-12.1393863947428,18.7237523635979,497.943604614203,0
0.068,-12.5328737369168,15.6862734179047,403.132097846763,0
0.072,-12.7350154830804,12.2875312190604,313.164042813681,0
0.076,-12.7182778395275,8.60021944935304,235.718365780446,0
0.08,-12.4586527333741,4.7041770226669,177.347309391397,0
0.084,-11.9368240373018,0.68477120124481,142.956679695561,0
0.088,-11.139210091805,-3.3688878191963,135.431406607699,0
0.092,-10.058884872211,-7.36584095103311,155.436777788312,0
0.096,-8.6963853144679,-11.2152701341532,201.409401719721,0
0.1,-7.06029234333022,-14.8284779871558,269.73148738885,0
0.104,-5.16754606303587,-18.120935082529,355.071820578828,0
0.108,-3.04356457088822,-21.0143017073893,450.864161546352,0
0.112,-0.722132911358436,-23.4383011526599,549.875436864446,0
0.116,1.75501380435107,-25.3324490355058,644.813047589964,0
0.12,4.33893134353138,-26.6476286680536,728.922438834351,0
0.124,6.97441816940363,-27.3475131253498,796.52898294289,0
0.128,9.60116391809906,-27.4096433032256,843.47089459227,0
0.132,12.1551752557893,-26.8261889655245,867.392699912982,0
0.136,14.5704149708446,-25.604446190587,867.884657149276,0
0.14,16.7805616820099,-23.7669851907322,846.456835420222,0
0.144,18.7208289571113,-21.3514278115721,806.352906434192,0
0.148,20.3298909943753,-18.4098163646043,752.225806421633,0
0.152,21.5517923406634,-15.007672544409,689.709988295289,0
0.156,22.3377750699532,-11.2226757215393,624.92464542665,0
0.16,22.64801794255,-7.14298799331737,563.954994198744,0
0.164,22.4531933191727,-2.86532400778652,512.35597189774,0
0.168,21.7357801857886,1.50726114008533,474.715976429332,0
0.172,20.491071298746,5.8678176084257,454.315286456044,0
0.176,18.7279224536089,10.1081355494424,452.909483714291,0
0.18,16.4691489711181,14.1214028822308,470.646887195154,0
0.184,13.7514713576141,17.804900188551,506.117435223545,0
0.188,10.6250769432876,21.0627375510895,556.531173196858,0
0.192,7.15282395412092,23.8084445001391,618.004920034852,0
0.196,3.4090614067507,25.9673588940067,685.925427605146,0
0.2,-0.521985801180377,27.4787538756294,755.354383734051,0
0.204,-4.5481592266014,28.2977048516968,821.445852224262,0
0.208,-8.57156844283131,28.3965575482371,879.836266160484,0
0.212,-12.4910868236753,27.7659541884418,926.975462031242,0
0.216,-16.205005015938,26.4154406018866,960.377689758378,0
0.22,-19.6137911033403,24.3735502762087,978.770754512344,0
0.224,-22.6228887249727,21.687370223733,982.137121483761,0
0.228,-25.1455062722101,18.4216060837349,971.65205639006,0
0.232,-27.1052661832249,14.6571987934721,949.528931334836,0
0.236,-28.4385709237838,10.4894272518333,918.780400258583,0
0.24,-29.0967619835661,6.02552830395973,882.928549270115,0
0.244,-29.0479208528379,1.38200519572696,845.69164423375,0
0.248,-28.2782338032228,-3.31836902793714,810.670080035303,0
0.252,-26.792840817094,-7.94981242501789,781.055836643105,0
0.256,-24.6162026747486,-12.3869598554626,759.394208585142,0
0.26,-21.7919498266853,-16.5083108894289,747.413405670808,0
0.264,-18.3821129130955,-20.1996475989586,745.927838271906,0
0.268,-14.4658661150901,-23.3573378872984,754.826515641137,0
0.272,-10.1377273279951,-25.8913569083972,773.135877934788,0
0.276,-5.50524267309279,-27.7279876944392,799.148998472615,0
0.28,-0.686237848056813,-28.8121423237127,830.610467665982,0
0.284,4.19426411720536,-29.1091953691883,864.937106526449,0
0.288,9.00737588142072,-28.6062074751418,899.44792638006,0
0.292,13.6239602062734,-27.3125492637758,931.587638988302,0
0.296,17.9182864238409,-25.2599571803675,959.130425120801,0
0.3,21.7716423085131,-22.5018996034559,980.339894573844,0
0.304,25.0758414716607,-19.1122910563708,994.07749493529,0
0.308,27.7364913942472,-15.1836050811445,999.854818123303,0
0.312,29.6759269427094,-10.8244270424413,997.828860706161,0
0.316,30.8356767247465,-6.15645663239422,988.740917339623,0
0.32,31.1784774950194,-1.31111041221105,973.81646942044,0
0.324,30.6896478127796,3.5741731929043,954.629196885323,0
0.328,29.3777806607724,8.35992020900619,932.942262453402,0
0.332,27.274825311984,12.9087159813363,910.551044086051,0
0.336,24.4354629896894,17.0892726133972,889.135089975486,0
0.34,20.9357950083159,20.7803237021163,870.12936579496,0
0.344,16.8713186881712,23.8743212576622,854.624609791894,0
0.348,12.3543644091335,26.2807544260302,843.308373154971,0
0.352,7.51096626970026,27.9289512029422,836.440929600902,0
0.356,2.47725016558761,28.7703529356425,833.869976424337,0
0.36,-2.60446450976164,28.7801218084207,835.078646690143,0
0.364,-7.58983390458829,27.9580197229811,839.25644552984,0
0.368,-12.3367779153079,26.3285348427763,845.387836298913,0
0.372,-16.7097546931665,23.9403082193637,852.354259543931,0
0.376,-20.5838213598569,20.8647894307185,859.033139762724,0
0.38,-23.8484279120942,17.1941162551415,864.385147673675,0
0.384,-26.4108597194649,13.0384032255247,867.533469792629,0
0.388,-28.1991002765744,8.52243609226244,867.821173354998,0
0.392,-29.1641041427501,3.78188191163665,864.847601242741,0
0.396,-29.281375513117,-1.04086352049348,858.482348808462,0
0.4,-28.5518015418423,-5.80104220482756,848.857461946941,0
0.404,-27.0016648881082,-10.3560072225316,836.336792322822,0
0.408,-24.6819025347148,-14.569698809975,821.472436146547,0
0.412,-21.6666232062921,-18.3168392732021,804.949162123752,0
0.416,-18.0508161359243,-21.4868284129404,787.515758420088,0
0.42,-13.9474131982208,-23.9872122871675,769.916688231545,0
0.424,-9.48380112117493,-25.7465665914625,752.828174954611,0
0.428,-4.79785478918615,-26.7167060173814,736.801790997302,0
0.432,-0.0336005654616246,-26.8741378895955,722.220416306991,0
0.436,4.66329722672199,-26.2207758639517,709.275427932344,0
0.44,9.15011300453918,-24.783753334938,697.958997362887,0
0.444,13.2916016545063,-22.6144801640772,688.081387633512,0
0.448,16.964261844125,-19.7869379711338,679.309094189533,0
0.452,20.0602055410435,-16.3952059055141,671.214623033115,0
0.456,22.4905471695972,-12.5503389218961,663.335719042336,0
0.46,24.1882021296716,-8.37671126381191,655.238413863124,0
0.464,25.1099364709446,-4.00798250838257,646.572833362374,0
0.468,25.2376282733034,0.4172829620995,637.112005931901,0
0.472,24.5787388254133,4.76009877154694,626.77294256276,0
0.476,23.1658895126107,8.88550732222835,615.610677283858,0
0.48,21.0556106742719,12.6669374435491,603.790045065296,0
0.484,18.3263260074097,15.9902206927964,591.541382734195,0
0.488,15.0756141798375,18.7571563820762,579.105058440978,0
0.492,11.416785832141,20.8885190790715,566.673228053709,0
0.496,7.47495535817562,22.3264731531443,554.346361064793,0
0.5,3.38277968744794,23.036220066299,542.110633356765,0
0.504,-0.724102029006123,23.0068710095025,529.840437396296,0
0.508,-4.7116665500717,22.2515604954046,517.331746159714,0
0.512,-8.45201554226291,20.8067310924237,504.356625479085,0
0.516,-11.8276552336357,18.7306522634245,490.730762539079,0
0.52,-14.7354013976856,16.1012598070366,476.382621724607,0
0.524,-17.089723215543,13.0133948542253,461.407085215845,0
0.528,-18.8253887600373,9.57546522216,446.084796187336,0
0.532,-19.8994515000627,5.90570269733536,430.865494352663,0
0.536,-20.2923622509852,2.12817197451925,416.309081678339,0
0.54,-20.008240472667,-1.63140001439709,402.991152819044,0
0.544,-19.0743064411497,-5.24980385040738,391.389606678636,0
0.548,-17.5394763199505,-8.61037160582324,381.771728768472,0
0.552,-15.4721638823506,-11.6067508286841,374.104520001472,0
0.556,-12.9574039420019,-14.1463536560585,368.013638678487,0
0.56,-10.093475267264,-16.1532697069867,362.806365197525,0
0.564,-6.98803604221242,-17.5705869909598,357.558174934145,0
0.568,-3.75399367874106,-18.3621100417244,351.259553724423,0
0.572,-0.505299155143908,-18.5133556294943,342.999663900316,0
0.576,2.64723085092534,-18.0318193679486,332.154340896417,0
0.58,5.5998586934771,-16.9465218746704,318.543021035595,0
0.584,8.25948480149802,-15.3068672847659,302.519275259614,0
0.588,10.5466615533809,-13.1807616816607,284.964548430299,0
0.592,12.3980508698812,-10.6521343094409,267.179630718531,0
0.596,13.7681438238121,-7.81797141143629,250.68246134321,0
0.6,14.6301922265262,-4.78485189017347,236.937332196003,0
0.604,14.9763962634156,-1.66517303544452,227.065246276821,0
0.608,14.8173314547386,1.4268346682667,221.589168610155,0
0.612,14.1806408087024,4.37917405753741,220.267739171645,0
0.616,13.1091276954763,7.08613272687412,222.06250595918,0
0.62,11.6583730752527,9.45210766607466,225.260002092844,0
0.624,9.89391310863543,11.3950782615787,227.737325188731,0
0.628,7.88818808026821,12.8497082735484,227.338513904985,0
0.632,5.71744350507806,13.7698247300939,222.297233331265,0
0.636,3.45867739023747,14.1302431450589,211.626220628224,0
0.64,1.18678576203091,13.9278416998971,195.393234862352,0
0.644,-1.02792954668753,13.1818257589171,174.817169491402,0
0.648,-3.12182471133944,11.9331021648446,152.144716804948,0
0.652,-5.03953491483557,10.2428084649937,130.312037408394,0
0.656,-6.73500528184932,8.19004847778115,112.437190214944,0
0.66,-8.1719756153879,5.86879178110452,101.223902428454,0
0.664,-9.32398966530745,3.38409110104878,98.3888558589577,0
0.668,-10.1739432822138,0.847753777611643,104.227808377159,0
0.672,-10.7132712965695,-1.62642229884685,117.419431368086,0
0.676,-10.9409000544421,-3.92765977377227,135.1298052998,0
0.68,-10.8621116435282,-5.95320169639214,153.426079794398,0
0.684,-10.4873331847933,-7.6131252453838,167.943833330767,0
0.688,-9.83108111109021,-8.83480198648713,174.703881953272,0
0.692,-8.91115292128402,-9.56667006496777,170.929822518459,0
0.696,-7.74806657413226,-9.78117508847737,155.703921748636,0
0.7,-6.3648705252601,-9.47669049380758,130.319239518748,0
0.704,-4.78729976041765,-8.67825968920298,98.2304302293403,0
0.708,-3.04424428736271,-7.43701195206082,64.5765700562359,0
0.712,-1.16842587665074,-5.82829771300965,35.3342732607005,0
0.716,0.802741603795511,-3.94851269770691,16.2351466064169,0
0.72,2.82628399160804,-1.91061939086718,11.6383476579776,0
0.724,4.85300819133262,0.161374057336746,23.5777300915228,0
0.728,6.82711257302766,2.13882719712395,51.1840478639494,0
0.732,8.68630136360501,3.89548141282168,90.6266068170054,0
0.736,10.3625309328749,5.31474679031662,135.628580779969,0
0.74,11.7834886482285,6.29683086847792,178.500683709147,0
0.744,12.8748135493026,6.76539310523277,211.531367797638,0
0.748,13.5631574236718,6.67332639025252,228.492524410144,0
0.752,13.7799839526464,6.00717572941444,225.974117979257,0
0.756,13.4659279694615,4.78996345089034,204.27496593959,0
0.76,12.575582456624,3.08209346951511,167.644574278178,0
0.764,11.0824162317424,0.980099201618287,123.7805439786,0
0.768,8.98347146227815,-1.38680951790277,82.6260001525117,0
0.772,6.30350566884762,-3.86237293530372,54.6521084085607,0
0.776,3.09826433084231,-6.27096002208652,48.9241814623772,0
0.78,-0.543581141618162,-8.42706340467913,71.310878084005,0
0.784,-4.50013504570315,-10.1461019129585,123.194599457707,0
0.788,-8.61784045788805,-11.2561126235508,200.967245551671,0
0.792,-12.7151906835921,-11.6096900304647,296.460976723579,0
0.796,-16.5886079492287,-11.095454227454,398.291018206741,0
0.8,-20.0204500419408,-9.64835798215814,493.909231633721,0
0.804,-22.7889258263694,-7.2581641998172,572.016087871274,0
0.808,-24.6796817715337,-3.97537235413551,624.890277698196,0
0.812,-25.4984866039947,0.0859974774807052,650.180214660229,0
0.816,-25.0844134071111,4.74914816370011,651.78220425963,0
0.82,-23.3228953083184,9.77913050096282,639.588838917641,0
0.824,-20.157727879105,14.8914327031498,628.088761200487,0
0.828,-15.6012577982982,19.764351041026,634.028816961867,0
0.832,-9.74194346201941,24.0547881406046,673.538294906554,0
0.836,-2.7485406097153,27.4169231110494,759.242148360446,0
0.84,5.12979886907514,29.5228898451994,897.915861248942,0
0.844,13.5679137800454,30.0844168657805,1089.16042249681,0
0.848,22.1737977520627,28.8743575184506,1325.40582885269,0
0.852,30.5026253797814,25.7467380724236,1593.30467642927,0
0.856,38.0752892624027,20.6540404983342,1876.31704132247,0
0.86,44.4009144766449,13.6604936278025,2158.05029251757,0
0.864,49.0025521617978,4.95019004754064,2425.75449987648,0
0.868,51.4449145761538,-5.17094550992672,2673.31791321439,0
0.872,51.3627720674167,-16.2800437400403,2903.17417862703,0
0.876,48.4885543963687,-27.8493585534242,3126.72667928679,0
0.88,42.6775025158393,-39.2656340079191,3363.15923503332,0
0.884,33.9286318733494,-49.856276554882,3636.80037271414,0
0.888,22.400010905387,-58.9214924880239,3973.50276557771,0
0.892,8.4168702774459,-65.7712082194817,4396.69553591778,0
0.896,-7.52862991069686,-69.7651087595627,4923.85066856584,0
0.9,-24.7868171664484,-70.3538197791945,5564.04626276631,0
0.904,-42.5694260262143,-67.1190863527196,6317.12778502515,0
0.908,-59.978036222949,-59.8106122465873,7174.67416647299,0
0.912,-76.0413570955786,-48.3771219465083,8122.63391676463,0
0.916,-89.7601147097413,-32.9894461178665,9145.18174786954,0
0.92,-100.15794430853,-14.0536185731034,10229.1180031089,0
0.924,-106.336016932884,7.78772324877695,11367.9971305501,0
0.928,-107.528807765616,31.6667458958986,12565.2272951301,0
0.932,-103.15810817766,56.5151751910752,13835.5603096718,0
0.936,-92.8822482085461,81.1023175637091,15204.6979464787,0
0.94,-76.6373574629004,104.085517052935,16707.0794190732,0
0.944,-54.6677510660538,124.071341414188,18382.260766936,0
0.948,-27.5428630611498,139.685279449557,20270.586600506,0
0.952,3.84148749344843,149.646916608144,22408.9566764872,0
0.956,38.278935761185,152.847023181307,24827.4894183959,0
0.96,74.2861850850285,148.4226587194,27547.7229158227,0
0.964,110.154257999522,135.826127103841,30582.6973594542,0
0.968,144.016263445684,114.883567321385,33938.9181773438,0
0.972,173.92951345499,85.8391495133546,37619.8352398656,0
0.976,197.968994937392,49.3814008905633,41630.2457104357,0
0.98,214.328340448741,6.64862512710294,45980.8417355921,0
0.984,221.423584107249,-40.7886140470275,50692.1146347774,0
0.988,217.994659784437,-90.9689254516204,55797.0170923549,0
0.992,203.19917168165,-141.605386945487,61341.9889840898,0
0.996,176.692957213472,-190.173312501271,67386.289916548,0
1,138.6921540762,-234.017802390486,73999.845437969,0
1.004,90.0121436628365,-270.477221490466,81260.1133519815,0
1.008,32.0793787831871,-297.017623268628,89248.55507526,0
1.012,-33.086732947452,-311.372068836389,98047.2971485889,0
1.016,-102.923322504032,-311.678191552623,107736.505404783,0
1.02,-174.40507005928,-296.606918330635,118392.792463979,0
1.024,-244.155137415286,-265.475072599786,130088.745298139,0
1.028,-308.582828038134,-218.334932875568,142893.504673791,0
1.032,-364.043203503209,-156.034447685083,156874.202881268,0
1.036,-407.012462744223,-80.2427752005133,172098.047800998,0
1.04,-434.271515110849,6.56289906807169,188634.82048085,0
1.044,-443.089286112266,101.151479292081,206559.737230454,0
1.048,-431.396725271931,199.633581726839,225956.701528433,0
1.052,-397.942145120323,297.597084257496,246921.975421527,0
1.056,-342.418868070242,390.278897785535,269568.299267198,0
1.06,-265.556883720121,472.767315470807,294029.393068616,0
1.064,-169.171304271694,540.227327696377,320464.495778955,0
1.068,-56.1620307576989,588.139603588932,349062.367008575,0
1.072,69.5388762293546,612.54251358899,380043.98626116,0
1.076,203.073447533062,610.26577719905,413663.143913323,0
1.08,338.816483376636,579.143762092971,450204.10657891,0
1.084,470.582690450078,518.196742578376,489975.932570074,0
1.088,591.875923977586,427.769196233378,533303.594630472,0
1.092,696.171572730796,309.615436852709,580516.577415963,0
1.096,777.220992306798,166.924808709042,631936.362644914,0
1.1,829.365050211934,4.28108947556671,687864.714240141,0
1.104,847.842669849142,-172.446568037977,748575.011644997,0
1.108,829.07941298077,-356.280734004616,814308.634451406,0
1.112,770.94118450189,-539.37705957002,885277.922351577,0
1.116,672.938910365583,-713.322978806711,961676.449177697,0
1.12,536.371262135746,-869.483655971058,1043695.95884589,0
1.124,364.394713416164,-999.382162506465,1131548.21390175,0
1.128,162.012921075169,-1095.09854527611,1225489.01046116,0
1.132,-64.0193648723681,-1149.67058537803,1325840.93396212,0
1.136,-305.379025875261,-1157.47788215484,1433011.39712217,0
1.14,-552.441010370669,-1114.59050865241,1547503.0719174,0
1.144,-794.621685100796,-1019.06414188609,1669915.34771046,0
1.148,-1020.78831567382,-871.164723947662,1800936.761667,0
1.152,-1219.72012419455,-673.508077718586,1941330.31211734,0
1.156,-1380.60329494462,-431.102938002002,2091915.20116591,0
1.16,-1493.53967608624,-151.289459526737,2253549.26460769,0
1.164,-1550.04709382026,156.430370785562,2427116.45396473,0
1.168,-1543.52832691657,480.669294367828,2613522.66654193,0
1.172,-1469.68597497245,808.532365844539,2813701.45164888,0
1.176,-1326.86146900235,1126.08475111381,3028628.22461412,0
1.18,-1116.27870417368,1418.8941600777,3259338.78289426,0
1.184,-842.176083876999,1672.62831739901,3506946.04441943,0
1.188,-511.814602222508,1873.68425942707,3772646.89107295,0
1.192,-135.354617672505,2009.82358729236,4057711.724562,0
1.196,274.400699455517,2070.78617553111,4363451.12863244,0
1.2,702.391499857407,2048.85437863466,4691158.08392235,0
1.204,1131.80738942192,1939.34037153024,5042029.04339711,0
1.208,1544.69809881388,1740.97127334434,5417073.19108941,0
1.212,1922.6680099674,1456.14992322877,5817024.87547117,0
1.216,2247.62914830489,1091.07329504692,6242277.72347431,0
1.22,2502.58331950965,655.695936924565,6692860.43278732,0
1.224,2672.40152383171,163.531883148093,7168472.58138401,0
1.228,2744.56724828086,-368.705002567182,7668592.75925401,0
1.232,2709.85016562859,-921.615260444015,8192662.60844058,0
1.236,2562.87810986746,-1473.7687160556,8740338.434462,0
1.24,2302.5781467377,-2002.47949817998,9311790.26246515,0
1.244,1932.4615221592,-2484.67458570663,9908015.33148226,0
1.248,1460.73288280774,-2897.82399754426,10531124.4756592,0
1.252,900.210678762021,-3220.89683552462,11184555.6912497,0
1.256,268.052865059823,-3435.30457760642,11873169.8793904,0
1.26,-414.709936820492,-3525.79181675897,12603192.2668222,0
1.264,-1123.82356965013,-3481.23514905757,13381977.578735,0
1.268,-1832.62351672218,-3295.31299966472,14217596.7198025,0
1.272,-2512.98625598054,-2967.01285376649,15118265.1971627,0
1.276,-3136.38605138253,-2500.94772819905,16091657.0024909,0
1.28,-3675.01880475688,-1907.46044324438,17144168.5578587,0
1.284,-4102.95021957786,-1202.50188531981,18280211.2885317,0
1.288,-4397.24269052953,-407.278383393595,19501618.960995,0
1.292,-4539.01450572201,452.327607211423,20807252.9474005,0
1.296,-4514.38575525166,1346.54991288066,22192875.415098,0
1.3,-4315.26813633599,2242.72135870266,23651338.1812578,0
1.304,-3939.96051852403,3106.41537996656,25173105.4004209,0
1.308,-3393.51853935801,3902.70766054813,26747095.1606676,0
1.312,-2687.87422732995,4597.51252554715,28361789.2845075,0
1.316,-1841.69091673032,5158.94413275424,30006529.9976464,0
1.32,-879.948692639771,5558.64982842225,31672897.6166972,0
1.324,166.733979194589,5773.06209583051,33356046.182133,0
1.328,1263.02592283399,5784.51690721526,35055870.3316099,0
1.332,2370.02953273141,5582.18975776771,36777882.4777458,0
1.336,3446.6113094226,5162.80615990609,38533696.9630041,0
1.34,4450.87184552934,4531.09064458071,40341042.6147326,0
1.344,5341.70344228928,3699.92750021191,42223259.1721895,0
1.348,6080.37855671574,2690.21673559393,44208269.4774383,0
1.352,6632.10908674072,1530.4199981105,46327056.3090454,0
1.356,6967.51577144109,255.803176128044,48611711.2901975,0
1.36,7063.94860829611,-1092.60582475405,51093157.428935,0
1.364,6906.60299859725,-2469.31409324219,53798677.071317,0
1.368,6489.3825033507,-3825.87474695241,56749402.8541624,0
1.372,5815.46735904419,-5112.56190077142,59957949.7933279,0
1.376,4897.55785553883,-6280.15179861671,63426379.5620188,0
1.38,3757.7730386283,-7281.74659994979,67144691.755722,0
1.384,2427.19786710112,-8074.57392512587,71090033.5583828,0
1.388,945.084816664539,-8621.69444244513,75226800.3695791,0
1.392,-642.270885387117,-8893.5512269446,79507765.3165037,0
1.396,-2282.95042558609,-8869.29894587629,83876326.4370059,0
1.4,-3921.08128334297,-8537.85747563735,88269888.7048791,0
1.404,-5498.70372659053,-7898.64339770308,92624310.196899,0
1.408,-6957.77108888072,-6961.94356830986,96879236.7735954,0
1.412,-8242.2146207569,-5748.90742641057,100984038.452058,0
1.416,-9299.99969546918,-4291.14804393885,104903945.870727,0
1.42,-10085.0986425741,-2629.95609647159,108625883.699818,0
1.424,-10559.3069370005,-815.145317002827,112163424.877618,0
1.428,-10693.8335339474,1096.43838712802,115560252.788546,0
1.432,-10470.602757214,3042.69884129155,118891538.338174,0
1.436,-9883.21432156784,4958.30579381603,122262721.671033,0
1.44,-8937.51930277928,6776.87902960534,125805340.669457,0
1.444,-7651.78273807485,8433.26666567047,129669765.725009,0
1.448,-6056.41779715495,9865.83893631101,134014974.450926,0
1.452,-4193.29154025614,11018.7168760487,138995815.536104,0
1.456,-2114.61733941518,11843.8559954052,144748531.332052,0
1.46,118.535892980748,12302.9087196911,151375613.722976,0
1.464,2438.07350298893,12368.7959331327,158931315.241458,0
1.468,4770.98716170305,12026.9269530881,167409290.432052,0
1.472,7041.6815151074,11276.018585811,176733873.707759,0
1.476,9174.43919736276,10128.4771939215,186756384.853894,0
1.48,11095.9420594929,8610.32241427442,197257582.26538,0
1.484,12737.763283581,6760.64664679098,207956956.551309,0
1.488,14038.7447654123,4630.62061237939,218529001.844183,0
1.492,14947.177164649,2282.07100773199,228625953.275736,0
1.496,15422.7054978049,-214.328654376629,237905781.644109,0
1.5,15437.8917468841,-2781.19902261305,246063569.591894,0
1.504,14979.376833209,-5336.86070510114,252863812.496931,0
1.508,14048.5972961741,-7797.92811633794,258170768.897645,0
1.512,12662.0266000996,-10082.0071852715,261973786.505496,0
1.516,10850.9268745526,-12110.4083602549,264404604.689019,0
1.52,8660.61322183167,-13810.7849266345,265744001.667921,0
1.524,6149.24905346613,-15119.6080920144,266415812.777663,0
1.528,3386.20701399043,-15984.3950245645,266967282.242922,0
1.532,450.044641504497,-16365.6134762295,268035844.632692,0
1.536,-2573.84276181956,-16238.1966151784,270303695.875761,0
1.54,-5595.81840272695,-15592.6141547526,274442799.775289,0
1.544,-8524.76704565577,-14435.4600675548,281054160.544669,0
1.548,-11270.9365195067,-12789.5327242899,290606157.332431,0
1.552,-13748.7661403292,-10693.3997870737,303377369.38765,0
1.556,-15879.6106142187,-8200.45701416446,319409528.500366,0
1.56,-17594.2709361341,-5377.50649630104,338475945.891854,0
1.564,-18835.2496515289,-2302.89564774839,360069957.799839,0
1.568,-19558.6566360637,935.727364046439,383416635.107263,0
1.572,-19735.702574543,4243.97359936189,407509268.022906,0
1.576,-19353.7304618522,7523.51017600282,431170088.158445,0
1.58,-18416.7502885795,10675.0075936642,453132478.316683,0
1.584,-16945.4579759498,13601.1462604392,472139725.61254,0
1.588,-14976.7360224001,16209.5889006892,487053394.214002,0
1.592,-12562.6500145018,18415.8263346022,496962834.973091,0
1.596,-9768.97113503723,20145.8082876314,501286388.599188,0
1.6,-6673.26981449112,21338.277363644,499854610.864801,0
1.604,-3362.63930287995,21946.7337293174,492966464.466829,0
1.608,68.8804685920668,21940.9696258963,481410892.643459,0
1.612,3523.09911460672,21308.1261619227,466448467.903759,0
1.616,6900.60563441114,20053.2397171437,449750781.274896,0
1.62,10103.7414340382,18199.2611062378,433298695.77892,0
1.624,13039.5251076561,15786.5467880124,419244274.523299,0
1.628,15622.4392019681,12871.8374844449,409744806.845152,0
1.632,17776.9938686404,9526.75523321514,406780576.279272,0
1.636,19439.9895998367,5835.86410597314,411970505.505146,0
1.64,20562.4107298228,1894.3528845233,426401307.873033,0
1.644,21110.8931602842,-2194.59107004289,450486039.989645,0
1.648,21068.7231053452,-6322.63876762748,483866854.275613,0
1.652,20436.3381520919,-10379.3231118152,525374265.326109,0
1.656,19231.3173077295,-14255.1009672704,573051468.977649,0
1.66,17487.8623571404,-17844.3849304555,624247403.368556,0
1.664,15255.78808974,-21048.4576398979,675776639.257628,0
1.668,12599.053794991,-23778.1857485943,724138274.023729,0
1.672,9593.88195385442,-25956.4575503391,765780259.507052,0
1.676,6326.52199020365,-27520.2771170327,797390533.090803,0
1.68,2890.72723738725,-28422.4585929629,816192456.429662,0
1.684,-614.978832867523,-28632.8766356122,820219823.395062,0
1.688,-4090.16545318916,-28139.2424311375,808546418.032789,0
1.692,-7435.40172148358,-26947.3886360096,781446953.059982,0
1.696,-10555.1227013481,-25081.0611585308,740470244.078475,0
1.7,-13360.3712900268,-22581.2295933134,688411450.953304,0
1.704,-15771.3369442702,-19504.9417057179,629177819.953157,0
1.708,-17719.6191667322,-15923.7599173332,567551033.318891,0
1.712,-19150.1524441279,-11921.8287736706,508858339.942059,0
1.716,-20022.7397211679,-7593.63188676932,458573351.173393,0
1.72,-20313.153433856,-3041.50449061426,421874951.993803,0
1.724,-20013.7760575084,1627.02683360914,403198448.397382,0
1.728,-19133.7656091497,6302.00240345135,405816220.678985,0
1.732,-17698.7452787384,10873.8095668691,431485318.9382,0
1.736,-15750.0300577183,15235.9099375757,480196398.44495,0
1.74,-13343.4160188128,19287.4420616821,550052172.333852,0
1.744,-10547.5701334217,22935.6330253757,637294497.994155,0
1.748,-7442.06923524719,26097.9594996954,736487884.549955,0
1.752,-4115.14594700526,28704.0071008194,840854449.809045,0
1.756,-661.206873444797,30696.9865356106,942742176.896946,0
1.76,2821.80604814404,32034.8755904173,1034195843.46686,0
1.764,6235.13687949694,32691.1670391337,1107589334.28661,0
1.768,9481.94405564764,32655.2137881075,1156270250.62144,0
1.772,12469.9609871625,31932.173821814,1175163652.0079,0
1.776,15114.0170288206,30542.5681594111,1161281980.51975,0
1.78,17338.3515302121,28521.4749901793,1114092969.40063,0
1.784,19078.6603248709,25917.3922293894,1035706499.76381,0
1.788,20283.8219765882,22790.8084127126,930854382.082894,0
1.792,20917.260450485,19212.5281677082,806653023.348406,0
1.796,20957.911088539,15261.8034413726,672156681.478199,0
1.8,20400.7679359935,11024.3247522767,537727068.621921,0
1.804,19257.0016320993,6590.12829432303,414261902.794313,0
1.808,17553.6486808869,2051.47475187193,312339130.669569,0
1.812,15332.8841158722,-2499.24607215576,241343566.239953,0
1.816,12650.9001785906,-6971.53374336558,208647558.063549,0
1.82,9576.42364157974,-11278.6720284369,218916332.488053,0
1.824,6188.91324716833,-15339.4589056131,273601646.697967,0
1.828,2576.48635654937,-19079.7369038564,370674642.265867,0
1.832,-1166.3698358685,-22433.6959382946,504631132.045878,0
1.836,-4941.24233945433,-25344.9284285816,666781272.907142,0
1.84,-8648.32851319691,-27767.224078139,845812319.077756,0
1.844,-12188.9995168139,-29665.0993163261,1028589826.66838,0
1.848,-15468.3264949198,-31014.0639301862,1201141286.01911,0
1.852,-18397.5066547261,-31800.634152222,1349748583.59416,0
1.856,-20896.1296194701,-32022.1077772856,1462063619.57379,0
1.86,-22894.2290456368,-31686.1223324182,1528156072.05905,0
1.864,-24334.070499433,-30810.0217368452,1541404426.49625,0
1.868,-25171.6333934331,-29420.0603415154,1499151078.1918,0
1.872,-25377.7527007998,-27550.4756611747,1403059041.29993,0
1.876,-24938.8947573344,-25242.4622889397,1259130374.12594,0
1.88,-23857.5502673541,-22543.0796703834,1077373145.78458,0
1.884,-22152.2370362596,-19504.1256521153,871132523.164133,0
1.888,-19857.1141377265,-16181.0057668344,656129929.505023,0
1.892,-17021.2182841937,-12631.625717658,449279840.149169,0
1.896,-13707.3418699337,-8915.33114523411,267374350.568418,0
1.9,-9990.58037738031,-5091.91484198484,125739293.034922,0
1.904,-5956.58405285895,-1220.70734407547,36971019.9986533,0
1.908,-1699.55545912455,2640.23759205481,9859343.30113941,0
1.912,2679.9600666685,6434.85577072822,48589554.7490121,0
1.916,7077.43965240649,10109.6810411946,152295802.788146,0
1.92,11386.8490433574,13614.3510517039,315010885.695241,0
1.924,15503.1529958851,16902.0156378074,526025885.434505,0
1.928,19324.8124416812,19929.6562561025,770639574.392565,0
1.932,22756.2113532583,22658.3274595264,1031244958.41729,0
1.936,25709.957977652,25053.3332543572,1288671446.36651,0
1.94,28109.0079988562,27084.3521657819,1523678462.91985,0
1.944,29888.5609842152,28725.5251273059,1718481871.54663,0
1.948,30997.6865807996,29955.519946308,1858189748.61514,0
1.952,31400.6426813603,30757.5847061326,1932029377.75738,0
1.956,31077.8544144936,31119.6007974895,1934262588.80357,0
1.96,30026.5301156937,31034.1437996091,1864710592.16347,0
1.964,28260.8982057668,30498.5575303362,1728840378.82794,0
1.968,25812.0569757758,29515.0434906035,1537400077.57291,0
1.972,22727.4376987381,28090.7645755089,1305627478.78669,0
1.976,19069.8897855385,26237.9584814373,1052091161.70621,0
1.98,14916.4048704224,23974.0530499419,797254353.899792,0
1.984,10356.5048086832,21321.7728400475,561875188.894867,0
1.988,5490.32593797445,18309.2235179481,365371344.73538,0
1.992,426.43892220872,14969.938848493,224280919.281993,0
1.996,-4720.55032573319,11342.8735191561,150944375.049353,0
2,-9832.56781696598,7472.32447358997,152515022.913847,-600
2.004,-12313.242496596,1524.96433425737,153941457.000734,-600
2.008,-11459.3657348033,-4897.39223782761,155301513.775117,-600
2.012,-7470.57350146257,-10047.1024644169,156753736.371246,-600
2.016,-1404.07136507758,-12506.2066529485,158376621.244485,-600
2.02,5105.21647559115,-11576.834268698,160086326.947547,-600
2.024,10285.0977335296,-7479.02332087071,161719025.222383,-600
2.028,12708.5519686475,-1299.94046709038,163197138.357794,-600
2.032,11686.8426278754,5294.1983331459,164610826.59941,-600
2.036,7465.01543958834,10507.2722070071,166129224.745435,-600
2.04,1164.35457616007,12902.4401514547,167828683.440896,-600
2.044,-5515.07679961519,11798.1486273226,169612383.138048,-600
2.048,-10752.9998532426,7461.82524174853,171305841.78223,-600
2.052,-13104.9426969686,1046.27728755288,172834219.253279,-600
2.056,-11900.5706860858,-5716.44108723109,174301281.358307,-600
2.06,-7434.48579342619,-10982.4965076544,175886808.553296,-600
2.064,-895.255365966175,-13298.9570014441,177663739.496551,-600
2.068,5950.56978940905,-12004.6528887004,179520971.796811,-600
2.072,11235.5404853087,-7418.62601082933,181273381.885565,-600
2.076,13500.6954034566,-762.525081981991,182850220.877565,-600
2.08,12098.3132229862,6164.49497170634,184370181.097675,-600
2.084,7376.85298216398,11471.9500669651,186023598.259403,-600
2.088,595.351043671916,13693.9442258683,187878551.326392,-600
2.092,-6411.99507770856,12194.04113962,189808320.191303,-600
2.096,-11731.7920108807,7347.26947496737,191617312.52435,-600
2.1,-13893.895866497,447.289125416554,193240409.910778,-600
2.104,-12277.6930183403,-6638.58599362818,194812569.847398,-600
2.108,-7289.94036047109,-11974.6059598365,196534418.352576,-600
2.112,-263.284032606832,-14085.3903529975,198467539.878141,-600
2.116,6899.49331045776,-12363.8686859045,200468256.823341,-600
2.12,12240.6172758017,-7245.56111107361,202330867.106958,-600
2.124,14282.4283633239,-99.2496940841535,203997610.455254,-600
2.128,12436.1968557365,7138.77088525348,205621041.986773,-600
2.132,7171.54082715389,12489.2200322091,207411614.848469,-600
2.136,-102.217331835228,14471.0796020099,209422593.230635,-600
2.14,-7413.0249495694,12511.5578574731,211492018.923835,-600
2.144,-12760.6540470899,7111.28401729015,213404652.084078,-600
2.148,-14663.9704031041,-282.816161833343,215112012.964507,-600
2.152,-12571.1823305291,-7664.91560098603,216785556.357647,-600
2.156,-7019.43402765398,-13014.3157757061,218644869.17838,-600
2.16,502.315945054469,-14848.5875539053,220732873.654648,-600
2.164,7952.34824267506,-12634.4059290494,222868055.752776,-600
2.168,13290.300194432,-6942.21711959568,224826457.793727,-600
2.172,15035.9894954148,700.011073290026,226570995.608952,-600
2.176,12679.8873462265,8216.67306020384,228293259.291275,-600
2.18,6831.40607728828,13548.1697702839,230221013.117245,-600
2.184,-938.041425931479,15215.2787226667,232384628.325199,-600
2.188,-8516.99680045,12729.5958309187,234581844.517418,-600
2.192,-13827.6997715751,6736.15625229578,236581082.028161,-600
2.196,-15395.7418815039,-1153.29173266471,238358949.902526,-600
2.2,-12759.4421334886,-8793.46028883357,240128307.409136,-600
2.204,-6605.27176638621,-14088.7982271462,242123850.593057,-600
2.208,1410.26383911433,-15568.3065141914,244361011.815727,-600
2.212,9106.25668500089,-12794.2097720045,246615714.50318,-600
2.216,14370.7301485026,-6490.93773849344,248650157.72608,-600
2.22,15740.2736641527,1643.44191595527,250457116.353537,-600
2.224,12806.8843744628,9394.43568933384,252271709.301889,-600
2.228,6338.89963489804,14633.9450745223,254333997.025446,-600
2.232,-1919.66567684106,15904.6157473051,256641918.380266,-600
2.236,-9719.14347730489,12825.2458181354,258948680.228037,-600
2.24,-14916.990848336,6204.46467057836,261011997.817796,-600
2.244,-16066.4248660493,-2171.04378452205,262843439.09072,-600
2.248,-12819.177605785,-10018.4760601292,264701177.056041,-600
2.252,-6030.23972264565,-15181.0714550037,266828721.634502,-600
2.256,2466.71253998331,-16220.947959487,269203823.459297,-600
2.26,10354.3797384666,-12819.6378318527,271556293.908237,-600
2.264,15463.7943754196,-5874.73602659851,273641459.867475,-600
2.268,16370.8364988852,2736.44784704161,275492434.492812,-600
2.272,12793.2328640732,10664.1543175785,277390994.42353,-600
2.276,5677.35387999968,15727.3477824175,279581815.347859,-600
2.28,-3051.62262735795,16513.8503730684,282019654.803896,-600
2.284,-11010.3730562324,12774.2790798685,284410520.847776,-600
2.288,-16008.1593293203,5499.87843859804,286509827.95226,-600
2.292,-16649.9611028466,-3339.74192328951,288375080.840482,-600
2.296,-12725.9340254255,-11329.7180675872,290311908.310495,-600
2.3,-5278.4489731207,-16269.6482148723,292563476.597536,-600
2.304,3674.33509421778,-16779.6881712423,295058673.508729,-600
2.308,11685.1951197013,-12686.0491744541,297479628.642158,-600
2.312,16546.8064732163,-5078.18038647088,299584720.499611,-600
2.316,16900.0772370183,3980.71938650598,301458737.45129,-600
2.32,12614.1668771491,12013.0695011345,303431044.843653,-600
2.324,4831.9124157197,16804.5482863176,305740220.700365,-600
2.328,-4334.478160193,17014.6609499839,308286388.164096,-600
2.332,-12376.5626965414,12551.8450533269,310728118.424147,-600
2.336,-17076.1582462067,4608.12908459528,312830034.109787,-600
2.34,-17117.3080774638,-4658.84685453829,314707089.83285,-600
2.344,-12454.8518736465,-12711.7470589423,316711848.485004,-600
2.348,-4336.35004514915,-17328.3260890464,319074816.762392,-600
2.352,5031.33683750065,-17214.8234686782,321664497.430146,-600
2.356,13081.8203425888,-12368.6156670188,324116676.994192,-600
2.36,17592.3417781484,-4088.44938722941,326205907.631124,-600
2.364,17297.6443103551,5373.23221086253,328080123.079411,-600
2.368,12244.980733096,13422.9097021683,330114058.026455,-600
2.372,3790.62610134946,17836.9676714657,332526261.953145,-600
2.376,-5763.82106865128,17376.1110153799,335150867.330236,-600
2.38,-13797.9260753278,12133.400455159,337602170.585464,-600
2.384,-18091.1966137203,3518.1445993264,339668736.338055,-600
2.388,-17436.9721159233,-6122.59310951745,341534142.956198,-600
2.392,-11981.6570407255,-14143.32398938,343593718.91014,-600
2.396,-3193.90502104458,-18326.1767724474,346049784.378443,-600
2.4,6530.43472564498,-17494.369524382,348699542.761535,-600
2.404,14521.4402433106,-11843.3715897955,351137677.354016,-600
2.408,18568.2869892152,-2896.5389293053,353171219.48284,-600
2.412,17531.1057633637,6905.22660445954,355021823.745181,-600
2.416,11662.1401469941,14869.3548135958,357103225.380737,-600
2.42,2545.69422552537,18791.3897871372,359596889.221997,-600
2.424,-7329.24630399016,17565.3909210202,362260809.592811,-600
2.428,-15248.5184353659,11495.8798802626,364672568.69512,-600
2.432,-19018.9195250322,2223.32087861641,366662455.628941,-600
2.436,-17575.8255341041,-7718.98081290985,368492307.995335,-600
2.44,-11283.8928683041,-15596.9605981311,370591418.16302,-600
2.444,-1845.88806380211,-19227.796320083,373115454.070684,-600
2.448,8157.86145353906,-17584.9535890473,375781296.224088,-600
2.452,15974.9087698039,-11088.5039180263,378152629.343641,-600
2.456,19438.1665069766,-1498.58710643825,380088080.46853,-600
2.46,17566.9207692948,8561.22904635694,381891348.098866,-600
2.464,10844.6321941948,16321.6932063073,384003716.548184,-600
2.468,1094.81166346023,19630.3654070949,386549858.594518,-600
2.472,-9013.39884021134,17548.867884682,389204122.686746,-600
2.476,-16695.9547963187,10619.1021255323,391520236.513202,-600
2.48,-19820.8955511135,722.886109422315,393390464.775346,-600
2.484,-17500.2382728511,-9428.84734503738,395161501.862581,-600
2.488,-10342.3828671544,-17038.7036389534,397282305.066894,-600
2.492,-293.264350623794,-19993.8783738865,399841176.409113,-600
2.496,9892.46954510469,-17453.027213422,402469112.613272,-600
2.5,17406.6041060366,-10085.8676653254,404714593.066748,-600
2.504,20161.8054786067,102.738841272607,406508955.426683,-600
2.508,17371.735627619,10318.1961053594,408242369.58454,-600
2.512,9775.53309054296,17742.7539873059,410366366.25836,-600
2.516,-557.438289648848,20312.9681309068,412927411.734002,-600
2.52,-10791.1610899096,17293.4637940093,415513047.663088,-600
2.524,-18101.4235967894,9487.38483281276,417672007.196289,-600
2.528,-20455.4690500634,-976.708951187735,419380174.433431,-600
2.532,-17177.5396108462,-11225.1070925262,421070896.320871,-600
2.536,-9142.89204452437,-18428.2364976812,423192375.352298,-600
2.54,1455.42446514312,-20582.1654858099,425743796.459,-600
2.544,11705.0269888308,-17066.4094168609,428269987.193177,-600
2.548,18774.6221023255,-8822.68703518508,430326241.605953,-600
2.552,20696.3827766927,1896.87148519408,431938381.470724,-600
2.556,16914.0092535006,12144.8760140801,433581722.424884,-600
2.56,8443.74821170632,19089.1998707885,435694435.569604,-600
2.564,-2398.22951370992,20795.9521610065,438223131.083299,-600
2.568,-12629.0826729889,16768.3603158184,440671636.842299,-600
2.572,-19420.0806780002,8091.31494200095,442608911.030686,-600
2.576,-20879.0234063868,-2860.46534568192,444115880.398294,-600
2.58,-16577.8027268268,-13072.2622892456,445707584.608419,-600
2.584,-7677.9275184075,-19719.3839935532,447804676.06312,-600
2.588,3382.76349957715,-20948.8211235504,450296195.360582,-600
2.592,13557.8087698678,-16396.1461459678,452647787.08024,-600
2.596,20031.3913228628,-7293.37429193008,454449946.891849,-600
2.6,20997.9116425874,3864.09136439636,455843495.422312,-600
2.604,16165.9481124524,14001.4965466512,457379783.920387,-600
2.608,6845.85083345085,20312.2630731202,459453704.785503,-600
2.612,-4405.2838444904,21035.3435008326,461892201.94855,-600
2.616,-14485.1623033896,15947.0016953712,464126790.027712,-600
2.62,-20601.9041978619,6429.59176151663,465778106.797644,-600
2.624,-21047.682313794,-4903.68872071464,467051093.852062,-600
2.628,-15675.9165818598,-14926.2967316082,468528694.801447,-600
2.632,-5948.58897177197,-20861.0975626633,470571102.274043,-600
2.636,5461.37483665252,-21050.2419461603,472939301.098309,-600
2.64,15404.5973286882,-15418.6408730968,475036105.232559,-600
2.644,21124.7842248932,-5501.36811840437,476521559.722494,-600
2.648,21023.1612189621,5974.51845759411,477668178.438606,-600
2.652,15105.6976509194,15839.8937726352,479084336.249361,-600
2.656,4987.91456501611,21358.9953059907,481085972.189231,-600
2.66,-6545.93451464981,20988.4702161131,483365140.68275,-600
2.664,-16309.0950087575,14809.3319751612,485302893.555212,-600
2.668,-21593.0763469957,4510.82729011983,486608508.968473,-600
2.672,-20919.4473216381,-7071.15525997985,487624512.953532,-600
2.676,-14453.8747656224,-16735.0673140396,488976973.745731,-600
2.68,-3966.34902656476,-21798.9815893736,490927522.93438,-600
2.684,7653.17050690689,-20845.297779008,493097458.303306,-600
2.688,17191.2043154906,-14117.9725061288,494854653.50075,-600
2.692,21999.7801749312,-3460.85948119033,495967876.093839,-600
2.696,20732.0003089614,8187.48917849061,496850815.858678,-600
2.7,13719.7006431109,17604.192578829,498137782.089074,-600
2.704,2887.20358159292,22174.0784027137,500025697.531257,-600
2.708,-8776.60583136743,20616.3990699552,502064720.530841,-600
2.712,-18043.0937776808,13344.1627838091,503619913.47098,-600
2.716,-22337.9334933678,2355.15754281294,504530039.80559,-600
2.72,-20456.7321936175,-9316.73761142609,505279491.761548,-600
2.724,-12903.1705246416,-18439.298021075,506499521.098001,-600
2.728,-1754.61259694424,-22477.3917725255,508311806.260951,-600
2.732,9909.09582441029,-20297.9456400369,510196777.263238,-600
2.736,18856.614640879,-12488.2761649705,511528957.287185,-600
2.74,22600.7040613531,-1198.24444860343,512227613.827471,-600
2.744,20090.1016003065,10451.4693764324,512845394.437142,-600
2.748,12005.0916044155,19232.1349074181,513997237.527536,-600
2.752,573.557565646697,22702.2074328822,515719190.606724,-600
2.756,-11042.8574074097,19886.7005921028,517425560.160326,-600
2.76,-19623.3758373607,11551.5247978654,518514604.410012,-600
2.764,-22781.4894047594,-4.50920000272265,518996279.83205,-600
2.768,-19629.2098908601,-11583.6413278575,519486627.351888,-600
2.772,-11027.1475766606,-19974.2582555411,520568976.536505,-600
2.776,650.119165077931,-22842.0932986556,522183881.193288,-600
2.78,12169.5109790953,-19380.1131054879,523685781.451824,-600
2.784,20334.8302617236,-10536.0185850374,524513009.397364,-600
2.788,22874.023135706,1246.87950602516,524775642.91536,-600
2.792,19071.8969257072,12704.6484773944,525145345.278962,-600
2.796,9971.95578091654,20657.1190951735,526156471.408737,-600
2.8,-1909.71323411883,22891.0076838116,527645237.41689,-600
2.804,-13280.1366049755,18776.411410343,528915653.69727,-600
2.808,-20982.3730149195,9444.8156073253,529464519.193596,-600
2.812,-22872.4874240888,-2521.79679920568,529510140.061586,-600
2.816,-18416.8353594633,-13805.3882471464,529768569.312024,-600
2.82,-8843.11562284654,-21272.1676964922,530705812.426719,-600
2.824,3197.67047639099,-22843.412144683,532046574.887435,-600
2.828,14365.3442836257,-18074.6926072549,533057629.233855,-600
2.832,21557.450208069,-8281.96244324163,533314561.38464,-600
2.836,22771.629343762,3821.36724874825,533149950.619488,-600
2.84,17663.6207986846,14876.338685336,533308952.400549,-600
2.844,7645.24589087316,21810.9664624702,534168042.758912,-600
2.848,-4505.61420273508,22694.386662045,535335745.310293,-600
2.852,-15415.3589666294,17275.0065428831,536059143.126692,-600
2.856,-22051.6779648249,7052.52175721058,536014564.200271,-600
2.86,-22566.8798012765,-5136.91059042798,535651914.379311,-600
2.864,-16812.8560571895,-15907.6515249708,535725505.839679,-600
2.868,-6384.00926168055,-22265.31209701,536499697.030482,-600
2.872,5824.38859828087,-22439.74581914,537465694.971394,-600
2.876,16420.1203676937,-16378.4321171327,537873391.505073,-600
2.88,22456.970585564,-5762.58597502208,537522925.000407,-600
2.884,22254.4732662873,6459.01392662967,536980441.264293,-600
2.888,15866.2275122629,16889.2587864148,536984237.825375,-600
2.892,5066.12235016511,22627.3646921711,537663228.579354,-600
2.896,-7144.11892253544,22076.1530213741,538394967.402453,-600
2.9,-17369.3970137288,15387.1431051419,538460125.558649,-600
2.904,-22765.676016797,4419.27474785856,537805993.798827,-600
2.908,-21831.5654663785,-7777.60287483083,537108357.191348,-600
2.912,-14826.5703915999,-17810.9927764225,537058653.258842,-600
2.916,-3699.34867637816,-22889.7823019982,537627314.462291,-600
2.92,8454.29002819778,-21601.2306531451,538088185.611261,-600
2.924,18252.9145411332,-14304.4613998049,537786505.18442,-600
2.928,22970.7174230702,-3030.71495504444,536839092.069273,-600
2.932,21296.3472886158,9082.03009000912,536017678.393163,-600
2.936,13697.9214188327,18662.7183371001,535930106.926449,-600
2.94,2292.47382713025,23045.8589699233,536367051.909671,-600
2.944,-9743.84264245299,21013.6637034291,536516531.681701,-600
2.948,-19060.4964458709,13134.8955484298,535828005.831219,-600
2.952,-23065.7380274231,1606.00203768677,534607513.294765,-600
2.956,-20648.1515083504,-10361.1808277099,533700228.856295,-600
2.96,-12485.5557324943,-19434.4753301264,533587933.306512,-600
2.964,-855.260665793385,-23089.6630105834,533864008.748758,-600
2.968,11001.288075634,-20313.293342838,533658225.755273,-600
2.972,19782.2163879518,-11884.1616505809,532569383.356888,-600
2.976,23045.2472284847,-155.141061543348,531107488.570959,-600
2.98,19887.5499966885,11603.595634974,530158076.530772,-600
2.984,11196.006028307,20116.6301577969,530029359.891468,-600
2.988,-601.616425152247,23016.1735080794,530106185.27703,-600
2.992,-12214.841060526,19501.198411601,529499081.62254,-600
2.996,-20408.5604120164,10559.1853831569,528005734.046798,-600
3,-22904.7653058826,-1311.03225771458,526347079.298331,-600
3.004,-19016.4384770515,-12797.6082308452,525403708.781684,-600
3.008,-9837.06175516073,-20700.0329911947,525259149.811393,-600
3.012,2066.65890511469,-22821.4111909615,525087887.777032,-600
3.016,13372.5694269901,-18579.7613507931,524033144.932094,-600
3.02,20930.5961330157,-9168.08287828646,522143598.146543,-600
3.024,22640.9629770635,2780.95120019486,520346894.106627,-600
3.028,18038.1051605656,13931.4975730121,519459862.410465,-600
3.032,8417.74564823659,21176.1784339499,519288974.86489,-600
3.036,-3527.6542476241,22502.5608305491,518809588.423345,-600
3.04,-14462.5601644661,17552.716075312,517263488.13132,-600
3.044,-21340.1470579207,7720.11917102932,515002116.468576,-600
3.048,-22251.7932456998,-4242.43799914336,513140582.825946,-600
3.052,-16957.281038586,-14993.6521021838,512358983.582908,-600
3.056,-6948.26662799831,-21537.3666025372,512136569.305842,-600
3.06,4971.80809818838,-22058.0820646972,511277860.138127,-600
3.064,15473.0992506454,-16425.1755771314,509203193.159917,-600
3.068,21629.9682467198,-6225.64362160598,506614164.857351,-600
3.072,21736.6114569864,5682.84267584505,504774978.510397,-600
3.076,15780.1683972961,15972.7429881045,504142233.211065,-600
3.08,5439.9470551867,21776.8604183546,503824673.643733,-600
3.084,-6385.89848442183,21487.8044580267,502505439.879733,-600
3.088,-16392.8634140069,15203.6362417428,499876525.881521,-600
3.092,-21793.920066794,4696.00115718753,497027378.746114,-600
3.096,-21096.2799284011,-7089.19995132007,495309782.767256,-600
3.1,-14514.4446875982,-16857.9040461891,494858033.419866,-600
3.104,-3905.12319438705,-21889.0361813622,494379892.112322,-600
3.108,7756.4511985285,-20793.0044327696,492511568.536329,-600
3.112,17211.1212169478,-13895.9578854479,489320339.098611,-600
3.116,21827.1365425217,-3143.42033328433,486304981.037593,-600
3.12,20333.2538925612,8448.40131663007,484816698.666191,-600
3.124,13169.2397470821,17638.9142169342,484560170.26849,-600
3.128,2357.01889437057,21869.5231334671,483831580.153674,-600
3.132,-9069.93407891056,19976.460664522,481322684.876976,-600
3.136,-17917.939303816,12511.3179634192,477585626.077008,-600
3.14,-21726.1832924109,1580.87877753423,474526218.164691,-600
3.144,-19451.6441150964,-9747.37978248249,473377871.404312,-600
3.148,-11755.0833714037,-18306.3788239179,473305490.713443,-600
3.152,-809.591791202217,-21715.3281229979,472210914.357847,-600
3.156,10312.9686289293,-19042.4850572297,468973559.096098,-600
3.16,18504.390676216,-11060.1388680308,464739146.078154,-600
3.164,21489.2014091528,-21.9471220209932,461786258.879301,-600
3.168,18457.2533224791,10973.3044400612,461083610.544431,-600
3.172,10283.8221123508,18851.9060584706,461151359.275877,-600
3.176,-722.646800636488,21424.9421937076,459550366.402183,-600
3.18,-11472.5555519629,17996.927694279,455508937.325981,-600
3.184,-18962.7602131772,9553.98901432959,450864980.988388,-600
3.188,-21116.0324668017,-1519.38562563602,448195359.818413,-600
3.192,-17357.582961972,-12113.780174687,448029356.402378,-600
3.196,-8768.50422545673,-19268.2734468704,448153027.975224,-600
3.2,2224.83666882855,-20998.4247648174,445883740.806662,-600
3.204,12536.3103972558,-16847.1533821003,440985655.456359,-600
3.208,19286.7423853507,-8005.45775028935,436065785.630553,-600
3.212,20608.319686181,3028.90294556793,433877093.341504,-600
3.216,16161.8067623835,13157.0489265125,434311934.279267,-600
3.22,7223.23156711993,19549.5806215183,434361176.749483,-600
3.224,-3681.99667871986,20437.4627787513,431246984.374948,-600
3.228,-13492.7056220286,15601.9891862407,425475171.570294,-600
3.232,-19471.626618899,6428.00582545564,420463502.077908,-600
3.236,-19969.5814635712,-4492.36431239056,418965520.945445,-600
3.24,-14880.7093545581,-14092.1879625729,420025272.467318,-600
3.244,-5662.97957071686,-19691.3842894841,419819952.854497,-600
3.248,5079.27211832825,-19745.4024750145,415679924.152334,-600
3.252,14331.3134406136,-14271.6430688208,409066340.816934,-600
3.256,19514.4641543323,-4835.79408046648,404199215.619394,-600
3.26,19205.25221241,5895.71675647757,403601188.614888,-600
3.264,13526.5874592798,14909.2998984908,405255791.756684,-600
3.268,4103.3860216284,19690.8108466806,404565808.642249,-600
3.272,-6402.19769009999,18927.2510899669,399228969.085774,-600
3.276,-15043.0439320346,12867.5934778706,391868132.65286,-600
3.28,-19414.2109416454,3243.49259756843,387431830.717185,-600
3.284,-18322.6867229084,-7225.31073115114,387925963.907533,-600
3.288,-12113.1125659166,-15599.690485784,390077839.286825,-600
3.292,-2560.51055967439,-19546.6438294834,388627499.322886,-600
3.296,7636.97183188256,-17989.6479154578,381950770.883104,-600
3.3,15620.3729493825,-11402.4519443951,374011961.422043,-600
3.304,19171.8415510132,-1666.0745681097,370335312.923659,-600
3.308,17331.1251774997,8468.11491237182,372076870.087298,-600
3.312,10655.1555300899,16156.0292063402,374549619.086522,-600
3.316,1050.5687492238,19259.3830329174,372027529.505473,-600
3.32,-8770.73598594255,16940.8041871501,363916656.242469,-600
3.324,-16057.5526491293,9889.80089660013,355653158.853953,-600
3.328,-18790.4280471323,118.599203900815,353094251.965622,-600
3.332,-16241.6154546931,-9611.92471018037,356179169.212302,-600
3.336,-9168.57321927021,-16572.4880239356,358710094.180608,-600
3.34,410.355782871579,-18831.2725429851,354785217.456721,-600
3.344,9791.85306393375,-15790.4117719741,345217490.354167,-600
3.348,16350.7983858817,-8344.00929819039,336971099.02404,-600
3.352,18275.1791171662,1384.01203911053,335897661.08891,-600
3.356,15066.8911353817,10645.560107246,340339158.482432,-600
3.36,7669.95936181937,16844.8553034238,342577426.805245,-600
3.364,-1806.61576352798,18266.2971603337,336921472.466642,-600
3.368,-10690.1781186564,14549.5228672659,325968523.873694,-600
3.372,-16498.4454768218,6780.03058554808,318167517.89263,-600
3.376,-17633.4353824842,-2827.20026047272,318931104.701064,-600
3.38,-13821.2048979188,-11559.0473921958,324637281.445284,-600
3.384,-6176.36330186302,-16970.6211871484,326149447.11429,-600
3.388,3123.31450115801,-17570.1462583085,318465133.011497,-600
3.392,11457.3131473497,-13230.4027029998,306313580.239977,-600
3.396,16501.0686290867,-5213.18719363559,299462586.617715,-600
3.4,16874.6165937632,4196.98974735826,302367408.12594,-600
3.404,12520.117006779,12343.7803224117,309122242.511396,-600
3.408,4704.98036797749,16949.0319352206,309406523.804181,-600
3.412,-4346.62336070758,16750.1452175772,299460499.449773,-600
3.416,-12086.8388042912,11846.358007943,286427870.333274,-600
3.42,-16361.5585086293,3658.94614019708,281088483.688164,-600
3.424,-16010.1186632893,-5480.1996492694,286356487.808458,-600
3.428,-11180.2411814228,-12992.6571181594,293806931.864841,-600
3.432,-3272.81991688419,-16781.1122138202,292317077.34118,-600
3.436,5464.09441088532,-15815.1565299809,279975503.798867,-600
3.44,12574.5151716906,-10411.5458960832,266518719.749323,-600
3.444,16085.1501115509,-2132.6917036168,263280428.013803,-600
3.448,15053.1594288117,6664.64095342463,271015047.827286,-600
3.452,9818.95139059883,13500.1894643624,278666921.984623,-600
3.456,1896.35834840719,16469.6542494017,274845686.08041,-600
3.46,-6464.9591295302,14775.4523706576,260109689.304068,-600
3.464,-12918.4433150503,8940.76729860401,246823497.571953,-600
3.468,-15679.397895348,649.500244622519,246265368.928408,-600
3.472,-14018.5726304262,-7739.29433988049,256417055.473841,-600
3.476,-8454.05363971812,-13862.5810282053,263642175.706789,-600
3.48,-591.18448326257,-16019.1741848411,256963440.657531,-600
3.484,7340.40482895976,-13642.5617350842,240001033.748601,-600
3.488,13119.1809058783,-7449.24972352536,227604229.084606,-600
3.492,15154.0946949971,776.077810084594,230248882.792246,-600
3.496,12922.5521328928,8694.46527830114,242586080.102915,-600
3.5,7103.42941466972,14077.774537203,248642445.369516,-600
3.504,-628.353299684049,15435.8377030719,238659913.4648,-600
3.508,-8083.81934810319,12429.0967235974,219830580.617306,-600
3.512,-13179.8052658156,5952.42532531977,209138634.098329,-600
3.516,-14521.1326928249,-2130.22307615414,215401145.036807,-600
3.52,-11782.3499978527,-9521.91244419662,229490588.066845,-600
3.524,-5784.65869272646,-14145.4662403913,233556491.349385,-600
3.528,1749.48811482555,-14727.3567483441,219955745.456912,-600
3.532,8690.9947423735,-11148.5621904769,199823828.526895,-600
3.536,13105.9179550353,-4465.70941807924,191707646.050838,-600
3.54,13794.3055580787,3400.0350115093,201843103.90913,-600
3.544,10615.9328278641,10214.9471049162,217043174.16196,-600
3.548,4514.63091555186,14067.0882344524,218264863.699526,-600
3.552,-2761.35414582234,13902.8604551523,200914605.554087,-600
3.556,-9160.2820611142,9815.1534326804,180248004.346228,-600
3.56,-12905.5873392152,3004.28433022275,175579908.906934,-600
3.564,-12989.0538853435,-4573.69876679963,189634241.24578,-600
3.568,-9441.60371966615,-10768.5023185343,205104522.983492,-600
3.572,-3309.15438186467,-13845.7604364695,202655584.787118,-600
3.576,3655.27413046515,-12972.7446636977,181653133.078344,-600
3.58,9492.68956401549,-8443.54781653744,161404654.888923,-600
3.584,12589.2267716134,-1582.89428231242,160994185.016086,-600
3.588,12122.1575658983,5640.62728333731,178763380.201995,-600
3.592,8277.59850870105,11179.1710073012,193492501.481733,-600
3.596,2182.5753883639,13486.2142548849,186641610.254552,-600
3.6,-4425.00408003519,11948.5042491673,162347414.900698,-600
3.604,-9691.91747706964,7048.6952842172,143617369.592074,-600
3.608,-12169.4072458047,215.655426825586,148140979.977362,-600
3.612,-11211.3800293799,-6591.57651555274,169143923.123566,-600
3.616,-7141.66573496025,-11445.2134529842,181996300.454276,-600
3.62,-1147.41803912374,-12994.6910206519,170178562.878718,-600
3.624,5066.92619604835,-10842.5529271195,143234695.053589,-600
3.628,9764.32496708268,-5645.61261804787,127214983.895856,-600
3.632,11660.6063772536,1084.11539485982,137145047.27462,-600
3.636,10275.0719939438,7418.73275546207,160614700.177694,-600
3.64,6050.64167173276,11566.5361472484,170395023.085314,-600
3.644,214.056514667086,12378.8196086435,153280995.094809,-600
3.648,-5580.18130334414,9668.03623622643,124609348.043179,-600
3.652,-9718.82647449851,4249.18678370277,112511176.364208,-600
3.656,-11078.8976663362,-2304.04970175493,128050618.529308,-600
3.66,-9331.7444429633,-8115.77126717831,152947197.609933,-600
3.664,-5020.03304097336,-11544.64396994,158479536.125135,-600
3.668,609.568404671153,-11647.4772227202,136035299.29376,-600
3.672,5966.73326108658,-8438.64238506002,106812591.111888,-600
3.676,9566.71627873987,-2873.99134003398,99781886.5804968,-600
3.68,10441.5855854915,3432.85218547535,120811183.666467,-600
3.684,8399.62129723918,8677.88678956742,145859357.069583,-600
3.688,4063.61963386626,11382.5686239638,146075873.007987,-600
3.692,-1318.17826191495,10810.6377024887,118607481.464656,-600
3.696,-6231.36019295261,7168.4153477303,90216028.4518898,-600
3.7,-9321.42301274746,1534.11885669621,89242447.6490488,-600
3.704,-9766.79473619171,-4460.40074072635,115285454.186774,-600
3.708,-7496.18425324289,-9101.79797956534,139035504.819386,-600
3.712,-3193.08985709646,-11084.7775366381,133068115.872249,-600
3.716,1909.32175172494,-9879.21259389582,101244351.027,-600
3.72,6381.56941999464,-5871.57501668429,75199821.4387618,-600
3.724,8998.19840898164,-243.032422312562,81026639.3656949,-600
3.728,9073.02358190226,5377.82117610083,111240717.519873,-600
3.732,6637.72343079092,9385.72794401587,132151261.382751,-600
3.736,2417.72196467358,10657.0673374595,119418463.733611,-600
3.74,-2383.46723226983,8864.8896947889,84267185.3480784,-600
3.744,-6427.43476658791,4562.34829211348,62126939.6172938,-600
3.748,-8613.74625435269,-986.561868148108,75169928.8540588,-600
3.752,-8378.6742077682,-6177.53724234944,108364147.860534,-600
3.756,-5838.90725876853,-9529.3636239477,124901609.053917,-600
3.76,-1744.12230499056,-10106.4457831279,105182208.982069,-600
3.764,2744.01723690592,-7779.97283649285,68057607.9330034,-600
3.768,6381.35811515402,-3254.81355841127,51315542.6938598,-600
3.772,8185.80050859213,2142.82112316023,71599012.3323288,-600
3.776,7701.57149220047,6853.29791160522,106281895.714687,-600
3.78,5112.38545189584,9533.7977776028,117029785.07298,-600
3.784,1176.03068026939,9441.00673643921,90515656.3584255,-600
3.788,-2997.2417863258,6637.22701121024,53036240.7240363,-600
3.792,-6257.75992205318,1962.76089296961,43011989.5650259,-600
3.796,-7732.66394288721,-3214.85065600576,70129356.3940486,-600
3.8,-7058.48650694862,-7400.18440241856,104584960.958575,-600
3.804,-4468.43901996869,-9401.45767106195,108354353.615948,-600
3.808,-714.201785355027,-8669.80256066411,75675560.6311024,-600
3.812,3152.12910432983,-5449.73212165712,39635498.0881846,-600
3.816,6072.70527091227,-699.56935642281,37367146.5918115,-600
3.82,7272.71986417252,4192.76862406378,70471762.9576633,-600
3.824,6464.67880898003,7814.59960231833,102860039.047829,-600
3.828,3914.6895837899,9136.02398737778,98791728.8353752,-600
3.832,356.368911191755,7802.71721885989,61009394.7983567,-600
3.836,-3220.15554690429,4230.74745439807,28268625.7691542,-600
3.84,-5843.4747612211,-521.898435056732,34418575.2615426,-600
3.844,-6823.93087234517,-5067.75217775754,72248144.6857119,-600
3.848,-5933.47200432119,-8094.24331229075,100722864.824627,-600
3.852,-3455.87845008685,-8742.34394064754,88371673.4383515,-600
3.856,-97.2931173387054,-6850.34341584209,46936670.8656525,-600
3.86,3214.97995999963,-2993.58847728419,19297668.1145279,-600
3.864,5588.09246790674,1689.38509372041,34080799.4247608,-600
3.868,6403.34038772685,5832.0677074615,75015781.8655091,-600
3.872,5475.87720283928,8238.07700598515,97851143.8971162,-600
3.876,3093.72455361976,8226.34225974314,77243838.5881056,-600
3.88,-71.1012537769554,5823.86632439104,33922474.3526646,-600
3.884,-3152.07003630901,1751.51673236707,13003356.3775589,-600
3.888,-5324.82470091181,-2791.31167178068,36145178.9444596,-600
3.892,-6026.59275382497,-6479.08769178507,78298397.5382964,-600
3.896,-5100.27754297278,-8246.28124061579,94013985.3146844,-600
3.9,-2826.86794938741,-7594.93280163402,65674186.6646101,-600
3.904,159.506441911988,-4734.95539828458,22445244.9287557,-600
3.908,3048.27026548272,-517.642560395853,9559905.43175929,-600
3.912,5071.66414220911,3816.83732574893,40290024.3425999,-600
3.916,5707.48702097883,7003.29735390982,81621581.9219221,-600
3.92,4812.18475578476,8120.20908240503,89094917.6657803,-600
3.924,2650.90223288574,6855.93324726524,54031103.3392755,-600
3.928,-180.931918957857,3595.66505873989,12961543.5739407,-600
3.932,-2921.32413893423,-695.160467893073,9017382.80084114,-600
3.936,-4845.81546008146,-4755.90809550605,46100589.2860645,-600
3.94,-5457.57906304794,-7400.29447906449,84549527.6062916,-600
3.944,-4614.0765385913,-7862.33860525157,83106070.6476079,-600
3.948,-2558.49611106779,-6017.98480183574,42762043.425475,-600
3.952,150.33424645704,-2418.34454574426,5870990.7275888,-600
3.956,2789.3652014396,1874.33073307643,11293673.923957,-600
3.96,4663.19891651724,5599.29722844174,53097553.5874429,-600
3.964,5285.84567078558,7666.78511450506,86719758.447359,-600
3.968,4505.32151552159,7476.22658419011,76191885.8963727,-600
3.972,2539.60203180195,5090.47770224257,32362541.7169614,-600
3.976,-84.1864853895451,1215.55613826788,1484664.08960298,-600
3.98,-2670.39246160123,-3007.6854906588,16177167.9096962,-600
3.984,-4537.98795266481,-6338.63981412862,60771689.3517874,-600
3.988,-5198.4221788959,-7800.57764344371,87872604.7214306,-600
3.992,-4482.19535278299,-6966.46476287769,68621706.472926,-600
3.996,-2581.74637243531,-4083.48232926274,23340242.2649839,-600
4,0,0,0,-600
